Country,Year,Raw Event,Desc
Iraq,1990,Invasion,"Iraq's military invaded Kuwait in August, leading to international condemnation and the subsequent Gulf War, fundamentally altering the political landscape of the Middle East."
Iraq,1990,International Sanctions,"Following the invasion of Kuwait, the United Nations imposed severe economic sanctions on Iraq, significantly affecting its economy and the well-being of its population."
Iraq,1990,Diplomatic Isolation,"The invasion of Kuwait resulted in Iraq facing diplomatic isolation from much of the international community, straining its foreign relations."
Iraq,1990,Oil Export Blockade,"International sanctions led to a blockade on Iraqi oil exports, severely impacting the nation's primary revenue source and causing economic distress."
Iraq,1990,Refugee Crisis,"The Gulf War and subsequent conflicts led to a significant refugee crisis, with thousands of Iraqis and Kuwaitis displaced by the conflict."
Iraq,1991,Gulf War,"A coalition led by the United States launched a military campaign against Iraq in response to its invasion of Kuwait, resulting in significant destruction across Iraq and the eventual retreat of Iraqi forces from Kuwait."
Iraq,1991,Uprising in the South,"Following the Gulf War, Shiite populations in southern Iraq rose up against Saddam Hussein's regime, facing brutal suppression."
Iraq,1991,Uprising in the North,"Similarly, Kurdish populations in northern Iraq initiated an uprising against the regime, leading to severe military responses and a humanitarian crisis."
Iraq,1991,No-Fly Zones Established,"The United States, United Kingdom, and France established no-fly zones over northern and southern Iraq to protect Kurdish and Shiite populations, limiting Iraqi government control over these regions."
Iraq,1991,Marshlands Draining,"The Iraqi government began draining the marshlands in southern Iraq, an act seen as punishment for the Shiite populations there and leading to ecological and economic damage."
Iraq,1992,Currency Devaluation,"Amid ongoing sanctions and economic isolation, the Iraqi dinar significantly devalued, leading to inflation and further economic hardship for the population."
Iraq,1992,Internal Repression,"The regime intensified its repression of political dissent and ethnic minorities, employing severe measures to maintain control."
Iraq,1992,Humanitarian Crisis,"The combination of sanctions, military actions, and government policies led to a worsening humanitarian crisis, with widespread shortages of food and medicine."
Iraq,1992,Agricultural Decline,"Sanctions and government neglect led to a decline in agricultural productivity, exacerbating food shortages and economic challenges."
Iraq,1992,Information Suppression,"The government enforced strict control over information and media, restricting access to external news sources and punishing expressions of dissent."
Iraq,1993,Failed Assassination Attempt,"An attempted assassination of former U.S. President George H.W. Bush during his visit to Kuwait was attributed to Iraqi agents, leading to missile strikes by the U.S. against Iraq."
Iraq,1993,Continued UN Sanctions,"The United Nations continued to enforce strict sanctions against Iraq due to its non-compliance with disarmament conditions, affecting all sectors of Iraqi society."
Iraq,1993,Infrastructure Deterioration,"Ongoing conflicts and sanctions led to further deterioration of Iraq's infrastructure, including water supply, electricity, and public health facilities."
Iraq,1993,Military Restructuring,The government restructured its military forces to adapt to ongoing no-fly zones and internal security challenges.
Iraq,1993,Smuggling Increase,"With official economic channels crippled, smuggling of goods, including oil and basic necessities, became rampant as a means of circumventing sanctions."
Iraq,1994,Rationing System Intensified,"In response to continuing food shortages, Iraq intensified its food rationing system to manage the limited supplies available under sanctions."
Iraq,1994,Diplomatic Efforts,"Iraq engaged in various diplomatic efforts to mitigate the impact of international sanctions and seek ways to lift them, though with limited success."
Iraq,1994,UN Inspections,"Iraq faced ongoing challenges with UN weapons inspections, leading to periodic crises and military standoffs with the international community."
Iraq,1994,Public Health Crisis,"The combination of sanctions, war, and government policies led to a severe public health crisis, with increases in malnutrition and preventable diseases."
Iraq,1994,Educational Decline,"The education system in Iraq continued to decline due to lack of funding, infrastructure damage, and the broader impacts of war and sanctions."
Iraq,1995,Oil-for-Food Program,"The United Nations initiated the Oil-for-Food Program, allowing Iraq to sell oil in exchange for food, medicine, and other humanitarian goods to alleviate the effects of sanctions."
Iraq,1995,Espionage Accusations,"Iraq accused UN weapons inspectors of spying for foreign governments, leading to increased tensions and complicating the inspections process."
Iraq,1995,Increased Political Isolation,"Despite some diplomatic efforts, Iraq remained politically isolated on the international stage, with few allies and ongoing conflicts."
Iraq,1995,Military Parades,"In a show of defiance, Iraq held large military parades to demonstrate its resilience and sovereignty despite international pressure and sanctions."
Iraq,1995,Art and Culture Suppression,"The regime increased its suppression of art and culture that was deemed non-conformist or critical of the government, limiting freedom of expression and cultural development."
Iraq,1996,Economic Sanctions,"Continuing U.N. economic sanctions severely impacted Iraq's economy and public health infrastructure, causing widespread shortages and suffering among the civilian population."
Iraq,1996,Political Repression,"The government carried out extensive political repression, including arrests and executions, to maintain control over the population and suppress opposition."
Iraq,1996,Oil-for-Food Program,"The Oil-for-Food Program was established by the United Nations, allowing Iraq to sell oil on the world market in exchange for food, medicine, and other humanitarian needs, under strict UN control."
Iraq,1996,Military Operations,Military operations by Iraqi forces in the northern no-fly zone led to confrontations with U.S. and allied aircraft enforcing the zone established after the Gulf War.
Iraq,1996,Infrastructure Decline,"Ongoing conflicts and international sanctions led to significant decline in national infrastructure, including healthcare, water supply, and electricity, worsening the humanitarian crisis."
Iraq,1997,Political Assassination,A significant political assassination occurred when the Iraqi authorities executed over 100 army officers for alleged insubordination and plotting against the government.
Iraq,1997,Agricultural Crisis,"A severe drought coupled with government mismanagement and sanctions led to a major agricultural crisis, exacerbating food shortages and economic instability."
Iraq,1997,UN Inspections Conflict,Conflicts intensified between Iraq and United Nations weapons inspectors tasked with ensuring the dismantlement of weapons of mass destruction.
Iraq,1997,Economic Sanctions,"The impact of ongoing economic sanctions continued to affect the civilian population, with rising poverty rates and worsening public health conditions."
Iraq,1997,Military Skirmishes,"Skirmishes increased along the southern no-fly zone with U.S. and British forces, leading to heightened tensions and military engagement."
Iraq,1998,Political Repression,"The government intensified its political repression efforts, including surveillance, arbitrary detentions, and the suppression of political dissent."
Iraq,1998,Military Strikes,"In response to non-compliance with UN resolutions, the U.S. and UK launched a series of military strikes known as Operation Desert Fox to degrade Iraq's ability to produce weapons of mass destruction."
Iraq,1998,Humanitarian Crisis,The humanitarian crisis deepened with millions dependent on aid through the Oil-for-Food Program amidst infrastructure collapse.
Iraq,1998,UN Inspections Withdrawal,"UN weapons inspectors were withdrawn from Iraq following allegations of non-cooperation and espionage, leading to a cessation of inspections."
Iraq,1998,Economic Sanctions Intensify,"The effects of intensified economic sanctions further damaged the Iraqi economy, leading to heightened civilian suffering and international criticism."
Iraq,1999,Political Repression,"Continued political repression and human rights abuses were reported, including targeted attacks against political opponents and minority communities."
Iraq,1999,Air Defense Confrontations,Iraq's increased efforts to shoot down coalition aircraft patrolling the no-fly zones led to frequent confrontations and escalations.
Iraq,1999,Economic Hardship,"Persistent economic hardship due to sanctions led to widespread poverty, unemployment, and further deterioration of living conditions."
Iraq,1999,Agricultural Decline,"Continued decline in agriculture due to poor management, lack of investment, and adverse weather conditions led to decreased food production."
Iraq,1999,Health Crisis,"A significant health crisis emerged due to the degradation of medical facilities and lack of medical supplies, exacerbated by sanctions."
Iraq,2000,Diplomatic Tensions,Iraq faced increasing diplomatic isolation and tensions with neighboring countries and the international community over its policies and refusal to comply with UN mandates.
Iraq,2000,Sanctions Impact,"The continued impact of sanctions led to widespread economic difficulties, affecting all sectors and increasing public discontent."
Iraq,2000,Military Engagement,Ongoing military engagement with U.S. and UK forces over the enforcement of no-fly zones led to frequent airstrikes and casualties.
Iraq,2000,Infrastructure Crisis,"Persistent infrastructure crisis, including lack of electricity and water supply, critically affected daily life and economic stability."
Iraq,2000,Oil Smuggling,"Increased oil smuggling operations emerged as a response to economic hardships, with the government and various groups attempting to bypass sanctions to gain revenue."
Iraq,2001,Airspace Violation,"The ongoing enforcement of no-fly zones established by coalition forces resulted in multiple incidents of airspace violation, involving both coalition and Iraqi aircraft, highlighting the tense military standoff in the region."
Iraq,2001,Economic Sanctions,"United Nations sanctions continued to impact Iraq's economy severely, restricting the import of essential goods and services, exacerbating humanitarian issues, and contributing to political unrest within the country."
Iraq,2001,Governmental Repression,"The Iraqi government under Saddam Hussein intensified repressive measures against political dissidents and ethnic minorities, including mass arrests and surveillance, stifling opposition and maintaining strict control over the populace."
Iraq,2001,Oil Smuggling,"Smuggling of oil became increasingly prevalent as a response to the economic sanctions imposed by the United Nations, involving numerous local and regional stakeholders attempting to circumvent trade restrictions."
Iraq,2001,Cultural Heritage Destruction,"Significant looting and destruction of Iraq's archaeological and cultural heritage sites were reported, largely due to economic hardships and reduced security, leading to irreparable loss of historical artifacts."
Iraq,2002,Political Isolation,"Iraq faced increasing political isolation as debates over its weapons programs escalated, leading to heightened tensions with the United States and its allies, and growing concerns over regional stability."
Iraq,2002,Military Buildup,"Significant military buildup occurred as Iraq and coalition forces prepared for potential conflict, involving a massive increase in military personnel and equipment within and around Iraqi borders."
Iraq,2002,International Inspections,"United Nations weapons inspectors returned to Iraq to ensure compliance with disarmament obligations, leading to a complex interaction between Iraqi authorities and the international community."
Iraq,2002,Propaganda Campaigns,"The Iraqi government launched extensive propaganda campaigns to rally domestic and regional support against foreign intervention, portraying impending conflicts as attacks against Arab sovereignty."
Iraq,2002,Humanitarian Crisis,"The humanitarian situation deteriorated further due to ongoing sanctions and government policies, resulting in widespread poverty, malnutrition, and lack of medical services."
Iraq,2003,Invasion,"A coalition led by the United States invaded Iraq in March, aiming to overthrow the government of Saddam Hussein, citing threats from weapons of mass destruction and links to terrorism."
Iraq,2003,Regime Change,"The government of Saddam Hussein was overthrown by coalition forces, leading to a power vacuum and the beginning of a long period of military and political instability in the country."
Iraq,2003,Looting and Chaos,"Widespread looting and chaos ensued following the collapse of governmental control, severely damaging the infrastructure and cultural heritage of Iraq."
Iraq,2003,Humanitarian Emergency,"The invasion and subsequent conflict led to a significant humanitarian emergency, with millions of Iraqis displaced and in need of food, water, and medical care."
Iraq,2003,Guerrilla Warfare,"Insurgent groups began guerrilla warfare against coalition forces and the newly formed Iraqi government, marking the beginning of a prolonged insurgency."
Iraq,2004,Battle of Fallujah,"A major battle in the city of Fallujah involved U.S. forces and insurgent groups, representing a significant conflict within the ongoing insurgency in Iraq."
Iraq,2004,Transitional Government,"A transitional government was established to guide Iraq towards a stable and democratic state, involving complex political negotiations among various ethnic and sectarian groups."
Iraq,2004,Coalition Casualties,"Coalition forces suffered significant casualties due to ongoing insurgency and terrorist attacks, highlighting the volatile security situation in Iraq."
Iraq,2004,Abu Ghraib Scandal,The revelation of human rights abuses by coalition forces at Abu Ghraib prison garnered international condemnation and affected global perception of the coalition's mission in Iraq.
Iraq,2004,Reconstruction Efforts,"Efforts to reconstruct critical infrastructure and institutions began, funded by the coalition and international donors, aiming to stabilize the country and improve living conditions."
Iraq,2005,Constitutional Referendum,"Iraqis voted in a referendum to approve a new constitution, aiming to lay the foundation for democratic governance and address various political, ethnic, and sectarian issues."
Iraq,2005,Election,"The first democratic parliamentary elections since the fall of Saddam Hussein were held, marking a significant step towards political stabilization and democratic governance."
Iraq,2005,Sectarian Violence,"Sectarian violence escalated dramatically, with frequent clashes between Sunni and Shia groups, exacerbating the challenges of national reconciliation and peacebuilding."
Iraq,2005,Capacity Building,Initiatives to build the capacity of Iraqi security forces were intensified in an attempt to hand over security responsibilities from coalition forces to local authorities.
Iraq,2005,Economic Recovery,"Efforts to recover the Iraqi economy were initiated, focusing on revitalizing the oil sector, rebuilding infrastructure, and attracting foreign investment despite the ongoing conflict."
Iraq,2006,Sectarian Violence,"Widespread sectarian violence between Shia and Sunni communities, exacerbated by political instability and factional power struggles, leading to numerous casualties and displacement of civilians across Iraq."
Iraq,2006,Infrastructure Rebuilding,"Efforts to rebuild Iraq's war-damaged infrastructure, including schools, hospitals, and roads, primarily in Baghdad and other major cities, funded by various international aid and local government budgets."
Iraq,2006,Formation of Government,"Establishment of a permanent government after prolonged negotiations, marking a significant step towards political stabilization in post-war Iraq, with leadership aiming to address sectarian divisions and security concerns."
Iraq,2006,Al-Askari Mosque Bombing,"Destruction of the Al-Askari Mosque's golden dome in Samarra, one of the holiest sites in Shia Islam, which intensified sectarian tensions and led to retaliatory violence across the country."
Iraq,2006,Oil Sector Development,"The beginning of significant redevelopment in the oil sector, with international companies negotiating contracts to assist in increasing oil production, critical for Iraq's economic recovery."
Iraq,2007,Surge in US Troops,"Deployment of additional US troops in a strategy known as ""the surge"" aimed at reducing violence, particularly in Baghdad and Al Anbar province, by cracking down on insurgents and militias."
Iraq,2007,Displacement Crisis,"A severe internal displacement crisis, with millions of Iraqis fleeing their homes due to ongoing violence, leading to significant humanitarian challenges within and across Iraq's borders."
Iraq,2007,Security Crackdown,"Implementation of strict security measures in Baghdad, including curfews and military checkpoints, to control sectarian violence and insurgent activities."
Iraq,2007,Anbar Awakening,"The Anbar Awakening - a coalition of Sunni Arab tribes that allied with the US military to fight against al-Qaeda in Iraq, significantly reducing the group's influence in the region."
Iraq,2007,British Troop Withdrawal,"The beginning of British troop withdrawals from Iraq, particularly from Basra, marking a shift towards Iraqi control of security responsibilities in the region."
Iraq,2008,Provincial Elections,"Provincial elections held across Iraq, seen as a key step in bolstering democratic governance and addressing local grievances, with significant Sunni participation after previous boycotts."
Iraq,2008,Security Agreement with US,"Signing of a bilateral security agreement between Iraq and the United States, setting the framework for the withdrawal of US troops and detailing the future of US-Iraq military relations."
Iraq,2008,Baghdad Wall Construction,"Construction of a security wall around Baghdad to prevent militant attacks and reduce sectarian violence, leading to mixed reactions regarding its impact on community divisions and security."
Iraq,2008,Return of Refugees,"Encouragement and facilitation of the return of Iraqi refugees, with government and international support, as security improved in some areas of the country."
Iraq,2008,Sadr City Truce,"A truce in Sadr City following intense battles between Shia militias and coalition forces, resulting in a temporary reduction in violence and opening of humanitarian corridors."
Iraq,2009,US Troop Redeployment,"Redeployment of US troops from Iraqi cities to bases outside urban centers, marking a significant shift towards handing over security responsibilities to Iraqi forces."
Iraq,2009,Bombings Increase,"A resurgence of bombings, targeting government buildings, religious sites, and civilian areas, highlighting ongoing security challenges despite improved capabilities of Iraqi security forces."
Iraq,2009,Oil Field Auction,"Auction of oil field leases to international companies, aimed at boosting Iraq's oil production capacity and economic recovery, considered a critical component of national revenue."
Iraq,2009,Journalist Crackdown,"Crackdown on journalists and media outlets, including arrests and censorship, reflecting tensions between media freedom and government policies during a politically sensitive period."
Iraq,2009,Kurdish Regional Elections,"Elections in the Kurdish region, strengthening the regional government's autonomy, with significant implications for its relations with the central government in Baghdad."
Iraq,2010,National Elections,"National parliamentary elections, leading to several months of political deadlock as parties negotiated to form a government, reflecting the fragmented political landscape."
Iraq,2010,Church Hostage Crisis,"A hostage crisis at Our Lady of Salvation Syriac Catholic cathedral in Baghdad, resulting in numerous deaths and injuries, highlighting the vulnerability of minority communities."
Iraq,2010,US Combat Mission End,"Formal end of US combat operations in Iraq, transitioning to an advisory and training role for the remaining US forces, signaling a new phase in post-invasion Iraq."
Iraq,2010,Formation of Government,"Formation of a new government several months after national elections, involving a power-sharing agreement among major political factions, aimed at stabilizing the political landscape."
Iraq,2010,Development Fund Transition,"Transition of the Development Fund for Iraq from UN control to Iraqi control, marking a significant step towards financial autonomy and management of oil revenues."
Iraq,2011,Government Formation,"Following lengthy negotiations after national elections, a new government was formed in Iraq, aiming to bring stability and representation to its diverse population."
Iraq,2011,Withdrawal of Foreign Troops,"The final withdrawal of U.S. military forces from Iraq marked the end of nearly nine years of foreign military presence, impacting Iraq's sovereignty and security landscape."
Iraq,2011,Terrorist Attacks,"A series of coordinated terrorist attacks struck various cities across Iraq, causing significant casualties and raising concerns about the capability of the Iraqi security forces."
Iraq,2011,Oil Field Development,"Major international oil companies began operations to develop several large oil fields, significantly boosting Iraq's oil production capacity and economic prospects."
Iraq,2011,Protests,"Demonstrations erupted across several Iraqi cities, driven by public grievances over corruption, poor public services, and unemployment."
Iraq,2012,Provincial Elections,"Iraq held provincial elections, which were seen as a crucial test for the stability and functionality of the democratic processes in the post-war context."
Iraq,2012,Terrorist Attacks Escalation,"The country experienced a resurgence in sectarian violence and terrorism, highlighting the ongoing security challenges and the fragile political environment."
Iraq,2012,Oil Exports Increase,"Iraq significantly increased its oil exports, reaching levels not seen since before the 2003 war, positioning it as one of the leading oil producers globally."
Iraq,2012,Sanctions Impact,"The global economic sanctions against neighboring Iran began affecting Iraq due to their close economic ties, influencing trade and energy sectors."
Iraq,2012,Infrastructure Development,"The Iraqi government launched several large-scale infrastructure projects, including roads, hospitals, and schools, aiming to rebuild the war-torn country."
Iraq,2013,Provincial Elections,"Another round of provincial elections took place, further testing the democratic institutions and reflecting on the sectarian divisions within the country."
Iraq,2013,Increase in Violence,"Iraq saw a dramatic increase in sectarian violence, reaching levels comparable to the 2006 civil war peak, severely impacting the nation's stability."
Iraq,2013,Energy Sector Deals,"Iraq signed multiple deals with international energy companies to boost its oil and gas production, aiming for economic recovery and growth."
Iraq,2013,Floods,"Severe flooding affected thousands of people across several provinces, exacerbating the humanitarian situation and highlighting issues with disaster preparedness."
Iraq,2013,Investment in Education,"The government launched initiatives to improve educational infrastructure and quality, including the construction of new schools and universities."
Iraq,2014,Territorial Conflicts,"The rise of extremist groups led to significant territorial losses for Iraq, dramatically altering the country's security and political landscape."
Iraq,2014,Displacement Crisis,"The conflict and violence led to a massive displacement of populations within Iraq, creating a severe humanitarian crisis."
Iraq,2014,International Aid,"In response to escalating violence and humanitarian needs, international agencies increased aid to Iraq, focusing on displaced populations and conflict-affected areas."
Iraq,2014,Economic Decline,"The ongoing conflict severely impacted the Iraqi economy, with significant declines in investment, tourism, and everyday economic activities."
Iraq,2014,Cultural Heritage Destruction,"Extremist groups destroyed numerous historic sites and cultural artifacts, resulting in a profound loss of cultural heritage."
Iraq,2015,Military Operations,"A series of military operations were launched to reclaim territories controlled by extremist groups, involving both local forces and international coalitions."
Iraq,2015,International Conferences,Iraq participated in several international conferences aimed at securing support and collaboration for combating terrorism and rebuilding the country.
Iraq,2015,Economic Reforms,The Iraqi government announced a series of economic reforms to address financial instability and dependence on oil revenues.
Iraq,2015,Health Crisis,"Outbreaks of cholera and other diseases affected thousands, highlighting the poor state of public health systems and infrastructure."
Iraq,2015,Educational Initiatives,"New educational programs were introduced, focusing on rebuilding the education system and promoting literacy and vocational training across the country."
Iraq,2016,Military Conflict,"The Iraqi government, with international support, launched a major offensive to reclaim the city of Mosul from extremist control, marking a significant turning point in the nation's fight against terrorism."
Iraq,2016,Economic Crisis,"Iraq faced severe economic challenges exacerbated by the global drop in oil prices, leading to budget deficits and a delay in public service and salary payments."
Iraq,2016,Humanitarian Crisis,"Displacement continued to escalate with the intensification of military operations, resulting in millions of internally displaced persons requiring humanitarian assistance."
Iraq,2016,Cultural Heritage Destruction,"Significant ancient sites in and around Mosul were destroyed, including the famed al-Nuri Mosque, due to ongoing conflicts, representing a substantial loss to global heritage."
Iraq,2016,Political Instability,"The political landscape in Baghdad was marked by frequent protests and sit-ins in the Green Zone, demonstrating widespread dissatisfaction with government corruption and inefficacy."
Iraq,2017,Liberation Campaign,"The Iraqi government declared victory over extremists in Mosul, culminating a brutal campaign that resulted in massive urban destruction and civilian casualties."
Iraq,2017,Kurdish Independence Referendum,"A controversial referendum for independence was held in the Kurdish regions, resulting in overwhelming support for independence but leading to heightened tensions with the central government."
Iraq,2017,Regional Conflict,"Tensions escalated between Iraqi forces and Kurdish Peshmerga, particularly in disputed areas like Kirkuk, following the independence referendum."
Iraq,2017,International Relations,Iraq gained significant support from international coalitions to rebuild post-conflict cities and restore national stability and security infrastructure.
Iraq,2017,Economic Recovery,Initiatives were launched to rehabilitate oil fields and other critical infrastructure to boost the economy and reduce dependency on international aid.
Iraq,2018,Political Elections,"Parliamentary elections were held, resulting in a fractured mandate that highlighted the deep ethnic and sectarian divisions within the country."
Iraq,2018,Government Formation,"After prolonged negotiations, a new government was formed, aimed at addressing corruption, improving security, and rebuilding the nation's infrastructure."
Iraq,2018,Civil Unrest,"Protests erupted in Basra and other cities over poor public services, high unemployment, and corruption, sometimes turning violent."
Iraq,2018,Water Crisis,"A severe drought coupled with upstream damming by neighboring countries significantly reduced water levels, impacting agriculture and potable water supplies."
Iraq,2018,Cultural Revival,"Efforts to restore and reopen the Iraq Museum in Baghdad intensified, aiming to recover from looting and restore cultural heritage after years of conflict."
Iraq,2019,Political Protests,"Massive anti-government protests swept across the country, sparked by frustrations over systemic corruption, unemployment, and poor services, leading to a significant number of casualties and government reshuffling."
Iraq,2019,Economic Measures,"The government implemented several economic reforms aimed at reducing waste, combating corruption, and encouraging foreign investment."
Iraq,2019,International Diplomacy,"Iraq sought to balance its relations with both the United States and Iran, amidst escalating tensions between the two in the region."
Iraq,2019,Infrastructure Development,"Major contracts were awarded to reconstruct war-torn areas, including Mosul, with a focus on restoring basic utilities and public services."
Iraq,2019,Cultural Initiatives,"Baghdad was nominated as the UNESCO's Arab Capital of Culture, fostering a series of cultural activities aimed at revitalizing the city's historical legacy."
Iraq,2020,Pandemic Response,"The outbreak of the COVID-19 pandemic severely impacted Iraq, challenging the healthcare system and exacerbating economic and social vulnerabilities."
Iraq,2020,Assassination Fallout,The assassination of a major foreign military leader on Iraqi soil in early January heightened tensions and led to international diplomatic crises.
Iraq,2020,Government Transition,"A new prime minister was appointed amidst political turmoil and public pressure, tasked with leading the country through health, economic, and security challenges."
Iraq,2020,Economic Downturn,"The combined effects of the COVID-19 pandemic, global oil price crashes, and ongoing political instability led to a severe economic downturn."
Iraq,2020,Strategic Dialogue,"Strategic dialogues were initiated with the United States focusing on the future of security, economic, and cultural cooperation."
Iraq,2021,Election,Iraq conducted parliamentary elections which were marked by low voter turnout and widespread dissatisfaction with political elites. The event was pivotal in shaping the political landscape of the country.
Iraq,2021,Economic Crisis,"Iraq faced a severe economic crisis exacerbated by fluctuating oil prices and the ongoing impacts of the COVID-19 pandemic, leading to increased poverty and unemployment rates."
Iraq,2021,Protest Movement,"Throughout the year, protests continued as part of an ongoing movement that started in 2019, driven by demands for political reform and anti-corruption measures."
Iraq,2021,Infrastructure Development,"The government launched significant infrastructure projects, including the construction of new roads and hospitals, aimed at revitalizing the economy and improving public services."
Iraq,2021,COVID-19 Response,"Iraq struggled with the management of the COVID-19 pandemic, facing challenges such as vaccine distribution issues and healthcare system strains."
Iraq,2022,Government Formation,"After prolonged negotiations following the 2021 elections, a new government was finally formed, which aimed to tackle corruption and implement economic reforms."
Iraq,2022,Increase in Oil Exports,"Iraq increased its oil exports as global oil prices rose, providing a much-needed boost to the nation's economy amid ongoing financial challenges."
Iraq,2022,Education Reform,"The government initiated a series of reforms in the education sector aimed at improving the quality of education and increasing access to schools, particularly in rural areas."
Iraq,2022,Security Operations,"Security forces conducted major operations against extremist groups, aiming to stabilize regions that have been vulnerable to attacks and maintain national security."
Iraq,2022,Environmental Policy,"Iraq introduced new environmental policies to address issues such as water scarcity and air pollution, which have been long-standing challenges affecting public health and agriculture."
Iraq,2023,Diplomatic Relations,"Iraq improved its diplomatic relations with neighboring countries, leading to new agreements on trade and security cooperation, which are essential for regional stability."
Iraq,2023,Anti-Corruption Measures,"The government launched a new set of anti-corruption measures, including the establishment of special courts to handle corruption cases, in response to public demand for transparency and accountability."
Iraq,2023,Renewable Energy Projects,"The initiation of renewable energy projects marked a significant shift towards sustainable development, aiming to reduce dependence on fossil fuels and address environmental concerns."
Iraq,2023,Water Management Initiative,"In response to severe water shortages, the government implemented major water management initiatives, which included upgrading infrastructure and promoting water conservation practices."
Iraq,2023,Cultural Heritage Restoration,"Restoration projects for damaged cultural heritage sites began, reflecting an effort to preserve Iraq's historical and cultural identity after years of conflict and neglect."
